Id,Label,Interval,Modularity Class,Component ID,Grado con pesos,Grado,giantcomponent
3309.0,drastic,,22,0,8.75188895315,14,0
3337.0,summon,,22,0,8.75188895315,14,0
3594.0,pursue,,22,0,7.011023283,13,0
4112.0,communism,,22,0,10.9307460561,12,0
4146.0,routine,,22,0,5.86256313324,12,0
355.0,battle,,22,0,11.8935504779,11,0
2865.0,trio,,22,0,9.3311753273,10,0
2909.0,preach,,22,0,9.3311753273,10,0
2449.0,hip,,22,0,2.97296871245,9,0
3386.0,encouraging,,22,0,5.31254610419,9,0
